case_id,forecast_eps
XNCR-2026-06-30,
NKTR-2026-06-30,
LMAT-2026-06-30,
SMA-2026-06-30,
SPSC-2026-06-30,
LBRX-2026-06-30,
BIOA-2026-06-30,
MLYS-2026-06-30,
OSBC-2026-06-30,
FMNB-2026-06-30,
SEPN-2026-06-30,
SLRC-2026-06-30,
FSBC-2026-06-30,
KURA-2026-06-30,
SAFE-2026-06-30,
RXRX-2026-06-30,
SHAK-2026-06-30,
CABA-2026-06-30,
RBB-2026-06-30,
DRH-2026-06-30,
SYBT-2026-06-30,
LXEO-2026-06-30,
ZBIO-2026-06-30,
CGBD-2026-06-30,
NMFC-2026-06-30,
WASH-2026-06-30,
NEWT-2026-06-30,
OCUL-2026-06-30,
XRAY-2026-06-30,
GO-2026-06-30,
PMT-2026-06-30,
TYRA-2026-06-30,
OCFC-2026-06-30,
DRVN-2026-06-30,
LOB-2026-06-30,
FDUS-2026-06-30,
HFWA-2026-06-30,
PGC-2026-06-30,
PEBO-2026-06-30,
CAPR-2026-06-30,
BV-2026-06-30,
APEI-2026-06-30,
MLTX-2026-06-30,
GLUE-2026-06-30,
JANX-2026-06-30,
BOW-2026-06-30,
VIR-2026-06-30,
ORRF-2026-06-30,
ARDX-2026-06-30,
GABC-2026-06-30,
ALG-2026-06-30,
ABR-2026-06-30,
PRTA-2026-06-30,
SNDX-2026-06-30,
BY-2026-06-30,
HURN-2026-06-30,
DNOW-2026-06-30,
AMLX-2026-06-30,
SHO-2026-06-30,
AIP-2026-06-30,
PEB-2026-06-30,
MBIN-2026-06-30,
TSHA-2026-06-30,
HRMY-2026-06-30,
AVBH-2026-06-30,
TCBK-2026-06-30,
CALX-2026-06-30,
CCAP-2026-06-30,
ALRM-2026-06-30,
CWBC-2026-06-30,
AESI-2026-06-30,
HBCP-2026-06-30,
ABEO-2026-06-30,
VRDN-2026-06-30,
WYFI-2026-06-30,
GSHD-2026-06-30,
CIVB-2026-06-30,
NTLA-2026-06-30,
SAM-2026-06-30,
BMRC-2026-06-30,
BRSP-2026-06-30,
CLYM-2026-06-30,
GCMG-2026-06-30,
MFIC-2026-06-30,
AVAH-2026-06-30,
OLN-2026-06-30,
NNE-2026-06-30,
LINC-2026-06-30,
USCB-2026-06-30,
ACDC-2026-06-30,
EDIT-2026-06-30,
ENR-2026-06-30,
CADL-2026-06-30,
DCOM-2026-06-30,
JBLU-2026-06-30,
AVTX-2026-06-30,
MD-2026-06-30,
PBH-2026-06-30,
ZNTL-2026-06-30,
HTH-2026-06-30,
NAVI-2026-06-30,
RAPP-2026-06-30,
PROK-2026-06-30,
NWBI-2026-06-30,
UNTY-2026-06-30,
VVX-2026-06-30,
FBIZ-2026-06-30,
OVID-2026-06-30,
OPK-2026-06-30,
ENVX-2026-06-30,
ADTN-2026-06-30,
BRBR-2026-06-30,
RNAC-2026-06-30,
FCCO-2026-06-30,
VITL-2026-06-30,
MBWM-2026-06-30,
IART-2026-06-30,
ACNB-2026-06-30,
PRKS-2026-06-30,
RLJ-2026-06-30,
TROX-2026-06-30,
TMDX-2026-06-30,
PRCT-2026-06-30,
AMPX-2026-06-30,
PSTL-2026-06-30,
OCSL-2026-06-30,
EFSC-2026-06-30,
RCKT-2026-06-30,
SVRA-2026-06-30,
FCF-2026-06-30,
BANR-2026-06-30,
PINE-2026-06-30,
VRTS-2026-06-30,
SBH-2026-06-30,
IMMX-2026-06-30,
FUN-2026-06-30,
MAZE-2026-06-30,
WU-2026-06-30,
SION-2026-06-30,
RPC-2026-06-30,
QCRH-2026-06-30,
CYH-2026-06-30,
FDMT-2026-06-30,
HOPE-2026-06-30,
FMBH-2026-06-30,
SABS-2026-06-30,
TALO-2026-06-30,
ARTV-2026-06-30,
TNET-2026-06-30,
AGIO-2026-06-30,
PBAM-2026-06-30,
STOK-2026-06-30,
EGBN-2026-06-30,
IMNM-2026-06-30,
EQBK-2026-06-30,
JACK-2026-06-30,
BHVN-2026-06-30,
CTBI-2026-06-30,
SPB-2026-06-30,
BSRR-2026-06-30,
ALRS-2026-06-30,
SMBK-2026-06-30,
KMPR-2026-06-30,
FSBW-2026-06-30,
ZVRA-2026-06-30,
AMCX-2026-06-30,
OBK-2026-06-30,
RGNX-2026-06-30,
AMBQ-2026-06-30,
AII-2026-06-30,
MPLT-2026-06-30,
DEI-2026-06-30,
BUSE-2026-06-30,
HBT-2026-06-30,
PFBC-2026-06-30,
STTK-2026-06-30,
JBIO-2026-06-30,
AVPT-2026-06-30,
BAND-2026-06-30,
CENTA-2026-06-30,
STBA-2026-06-30,
MNR-2026-06-30,
NVAX-2026-06-30,
PVLA-2026-06-30,
TCBX-2026-06-30,
CCNE-2026-06-30,
IRD-2026-06-30,
MSBI-2026-06-30,
TH-2026-06-30,
TFIN-2026-06-30,
NUVB-2026-06-30,
TWFG-2026-06-30,
EOSE-2026-06-30,
SENS-2026-06-30,
IBCP-2026-06-30,
SGMT-2026-06-30,
LADR-2026-06-30,
KOD-2026-06-30,
KOP-2026-06-30,
HAFC-2026-06-30,
